{
    "interview": {
        "palete": [
            4136988,
            13744824,
            8938331,
            5599639,
            11195635
        ],
        "freq": [
            0.0,
            0.4,
            0.6000000000000001,
            0.8,
            0.9600000000000001,
            1.0
        ]
    },
    "starcraft": {
        "palete": [
            1381665,
            5196898,
            6592201,
            13279090,
            13036535
        ],
        "freq": [
            0.0,
            0.36923076923076925,
            0.6307692307692307,
            0.8307692307692307,
            0.923076923076923,
            1.0
        ]
    },
    "sports": {
        "palete": [
            2300699,
            8681084,
            14333605,
            5719102,
            14199325
        ],
        "freq": [
            0.0,
            0.24,
            0.44,
            0.64,
            0.8400000000000001,
            1.0
        ]
    },
    "traffic": {
        "palete": [
            9869468,
            6316396,
            659230,
            14607852,
            2635087
        ],
        "freq": [
            0.0,
            0.26666666666666666,
            0.4666666666666667,
            0.6666666666666667,
            0.8666666666666667,
            1.0
        ]
    },
    "musicvideo": {
        "palete": [
            1708057,
            9320508,
            5853039,
            14447727,
            13804742
        ],
        "freq": [
            0.0,
            0.4294117647058823,
            0.6470588235294117,
            0.776470588235294,
            0.8911764705882352,
            1.0
        ]
    },
    "flowers": {
        "palete": [
            13814995,
            11940901,
            3022351,
            6970169,
            10128759
        ],
        "freq": [
            0.0,
            0.2,
            0.4,
            0.6000000000000001,
            0.8,
            1.0
        ]
    },
    "movie": {
        "palete": [
            986380,
            3814192,
            6839635,
            10196622,
            16250871
        ],
        "freq": [
            0.0,
            0.4625,
            0.7625,
            0.8875,
            0.9874999999999999,
            0.9999999999999999
        ]
    }
}